"DESCRIPTION","DURATION IN MS","NAME","PARENT SUITE","START TIME","STATUS","STOP TIME","SUB SUITE","SUITE","TEST CLASS","TEST METHOD"
"","2671","TC-024: Edit task - updating task name","webkit","2026-08-31","passed","2026-08-31","","edit-task.test.js","",""
"","2548","TC-026: Edit task - deleting task","webkit","2026-08-31","passed","2026-08-31","","edit-task.test.js","",""
"","600","TC-001: Title","chromium","2026-08-31","passed","2026-08-31","","home-header-nav.test.js","",""
"","1616","TC-008: Current Week Button - from Previous Week","chromium","2026-08-31","passed","2026-08-31","","home-header-nav.test.js","",""
"","2437","TC-017.Gotta Have It: Add task - non-default priority level","webkit","2026-08-31","passed","2026-08-31","","add-task.test.js","",""
"","1825","TC-018: Add task - repeat task count","chromium","2026-08-31","passed","2026-08-31","","add-task.test.js","",""
"","24803","TC-012.1: Add task - valid name with defaults","webkit","2026-08-31","passed","2026-08-31","","add-task.test.js","",""
"","2072","TC-025: Edit task - updating priority","chromium","2026-08-31","passed","2026-08-31","","edit-task.test.js","",""
"","2888","TC-025: Edit task - updating priority","webkit","2026-08-31","passed","2026-08-31","","edit-task.test.js","",""
"","2004","TC-008: Current Week Button - from Previous Week","webkit","2026-08-31","passed","2026-08-31","","home-header-nav.test.js","",""
"","591","TC-002: Week Label - Default","chromium","2026-08-31","passed","2026-08-31","","home-header-nav.test.js","",""
"","1969","TC-026: Edit task - deleting task","chromium","2026-08-31","passed","2026-08-31","","edit-task.test.js","",""
"","2804","TC-012.1: Add task - valid name with defaults","chromium","2026-08-31","passed","2026-08-31","","add-task.test.js","",""
"","1577","TC-001: Title","webkit","2026-08-31","passed","2026-08-31","","home-header-nav.test.js","",""
"","1778","TC-017.Gotta Have It: Add task - non-default priority level","chromium","2026-08-31","passed","2026-08-31","","add-task.test.js","",""
"","2393","TC-012.2: Add task - valid name with defaults","webkit","2026-08-31","passed","2026-08-31","","add-task.test.js","",""
"","2118","TC-020: Add task - repeat every day","chromium","2026-08-31","passed","2026-08-31","","add-task.test.js","",""
"","1737","TC-012.2: Add task - valid name with defaults","chromium","2026-08-31","passed","2026-08-31","","add-task.test.js","",""
"","3285","TC-020: Add task - repeat every day","webkit","2026-08-31","passed","2026-08-31","","add-task.test.js","",""
"","2923","TC-018: Add task - repeat task count","webkit","2026-08-31","passed","2026-08-31","","add-task.test.js","",""
"","880","TC-002: Week Label - Default","webkit","2026-08-31","passed","2026-08-31","","home-header-nav.test.js","",""
"","2085","TC-024: Edit task - updating task name","chromium","2026-08-31","passed","2026-08-31","","edit-task.test.js","",""
